{"lb": [0.2, 0.2, 0.1, 0.1], "ub": [9.8, 2.8, 9.8, 2.8], "r2": 0.9996868698601735, "mae_feas": 0.0022390918812769363}