{"lb": [0.2, 0.2, 0.1, 0.1], "ub": [9.8, 2.8, 9.8, 2.8], "r2_all": 0.994356476350495, "mae_feas": 0.008962388101205051}