{"lb": [0.2, 0.2, 0.1, 0.1], "ub": [9.8, 2.8, 9.8, 2.8], "r2_all": 0.9953717902902944, "mae_feas": 0.005155271035381695}