{"lb": [0.2, 0.2, 0.1, 0.1], "ub": [9.8, 2.8, 9.8, 2.8], "r2_all": 0.9943244443848903, "mae_feas": 0.005110064323468301}