{"lb": [0.2, 0.2, 0.1, 0.1], "ub": [9.8, 2.8, 9.8, 2.8], "r2_all": 0.9935258095087627, "mae_feas": 0.0094547435111509}