{
  "n_features": 21,
  "r2_all": 0.9934981085039771,
  "mae_feas": 0.005658529371223373,
  "best_params": {
    "learning_rate": 0.02244429149682423,
    "max_depth": 16,
    "num_leaves": 194,
    "min_data_in_leaf": 25,
    "feature_fraction": 0.92243914923929,
    "bagging_fraction": 0.6207403677962413,
    "objective": "regression",
    "metric": "mae",
    "verbosity": -1,
    "device": "gpu",
    "linear_tree": true,
    "extra_trees": true,
    "bagging_freq": 1,
    "n_jobs": -1
  }
}